{"realistic": {"loss": [0.14823083579540253, 0.0787859559059143, 0.06793596595525742, 0.05838102847337723, 0.048264045268297195, 0.04373246431350708, 0.04062911495566368, 0.03915246203541756, 0.03733472526073456, 0.03623469918966293, 0.035825807601213455, 0.034613143652677536, 0.029721608385443687, 0.02812570333480835, 0.027625540271401405, 0.026976555585861206, 0.026246655732393265, 0.026052488014101982, 0.0253562331199646, 0.023703020066022873, 0.02307012490928173, 0.022631851956248283, 0.02220373973250389, 0.021929681301116943, 0.02171187847852707, 0.021364402025938034, 0.02050030790269375, 0.01995961368083954, 0.019869215786457062, 0.019771894440054893, 0.01956961117684841, 0.01943262107670307, 0.01910674013197422, 0.019041242077946663, 0.018769947811961174, 0.018573299050331116, 0.018602989614009857, 0.018418271094560623, 0.01827329769730568, 0.018312402069568634], "mse": [0.14823083579540253, 0.0787859559059143, 0.06793596595525742, 0.05838102847337723, 0.048264045268297195, 0.04373246431350708, 0.04062911495566368, 0.03915246203541756, 0.03733472526073456, 0.03623469918966293, 0.035825807601213455, 0.034613143652677536, 0.029721608385443687, 0.02812570333480835, 0.027625540271401405, 0.026976555585861206, 0.026246655732393265, 0.026052488014101982, 0.0253562331199646, 0.023703020066022873, 0.02307012490928173, 0.022631851956248283, 0.02220373973250389, 0.021929681301116943, 0.02171187847852707, 0.021364402025938034, 0.02050030790269375, 0.01995961368083954, 0.019869215786457062, 0.019771894440054893, 0.01956961117684841, 0.01943262107670307, 0.01910674013197422, 0.019041242077946663, 0.018769947811961174, 0.018573299050331116, 0.018602989614009857, 0.018418271094560623, 0.01827329769730568, 0.018312402069568634], "val_loss": [0.06605041027069092, 0.06069061532616615, 0.04888325184583664, 0.05095760524272919, 0.027763646095991135, 0.02619818225502968, 0.031140683218836784, 0.03061790019273758, 0.023371538147330284, 0.026636892929673195, 0.026134438812732697, 0.023736687377095222, 0.01834309659898281, 0.019498378038406372, 0.018204251304268837, 0.016310017555952072, 0.01789824105799198, 0.01714734546840191, 0.017579004168510437, 0.015830228105187416, 0.015669817104935646, 0.015530124306678772, 0.015212414786219597, 0.015172666870057583, 0.015568014234304428, 0.015601457096636295, 0.014760353602468967, 0.014437842182815075, 0.01429083850234747, 0.014629361219704151, 0.0144306980073452, 0.01421815250068903, 0.014089411124587059, 0.013793774880468845, 0.013997584581375122, 0.014323161914944649, 0.013874929398298264, 0.013800240121781826, 0.013685337267816067, 0.013656330294907093], "val_mse": [0.06605041027069092, 0.06069061532616615, 0.04888325184583664, 0.05095760524272919, 0.027763646095991135, 0.02619818225502968, 0.031140683218836784, 0.03061790019273758, 0.023371538147330284, 0.026636892929673195, 0.026134438812732697, 0.023736687377095222, 0.01834309659898281, 0.019498378038406372, 0.018204251304268837, 0.016310017555952072, 0.01789824105799198, 0.01714734546840191, 0.017579004168510437, 0.015830228105187416, 0.015669817104935646, 0.015530124306678772, 0.015212414786219597, 0.015172666870057583, 0.015568014234304428, 0.015601457096636295, 0.014760353602468967, 0.014437842182815075, 0.01429083850234747, 0.014629361219704151, 0.0144306980073452, 0.01421815250068903, 0.014089411124587059, 0.013793774880468845, 0.013997584581375122, 0.014323161914944649, 0.013874929398298264, 0.013800240121781826, 0.013685337267816067, 0.013656330294907093], "lr": [0.0010000000474974513, 0.0010000000474974513, 0.0010000000474974513, 0.0010000000474974513, 0.0010000000474974513, 0.0010000000474974513, 0.0010000000474974513, 0.0010000000474974513, 0.0010000000474974513, 0.0010000000474974513, 0.0010000000474974513, 0.0010000000474974513, 0.0005000000237487257, 0.0005000000237487257, 0.0005000000237487257, 0.0005000000237487257, 0.0005000000237487257, 0.0005000000237487257, 0.0005000000237487257, 0.0002500000118743628, 0.0002500000118743628, 0.0002500000118743628, 0.0002500000118743628, 0.0002500000118743628, 0.0002500000118743628, 0.0002500000118743628, 0.0001250000059371814, 0.0001250000059371814, 0.0001250000059371814, 0.0001250000059371814, 0.0001250000059371814, 0.0001250000059371814, 6.25000029685907e-05, 6.25000029685907e-05, 6.25000029685907e-05, 6.25000029685907e-05, 6.25000029685907e-05, 3.125000148429535e-05, 3.125000148429535e-05, 3.125000148429535e-05]}, "compressed": {"loss": [0.3737281858921051, 0.14546014368534088, 0.11434867978096008, 0.09604646265506744, 0.0836409479379654, 0.07642737030982971, 0.06128861755132675, 0.05202952027320862, 0.04836246371269226, 0.04569033905863762, 0.04220227897167206, 0.04088833928108215, 0.040609899908304214, 0.03791198879480362, 0.036379002034664154, 0.03541899472475052, 0.035525377839803696, 0.033207137137651443, 0.03268798813223839, 0.03242838382720947, 0.031932488083839417, 0.028287744149565697, 0.02732492797076702, 0.02688778191804886, 0.026235828176140785, 0.025837911292910576, 0.025587789714336395, 0.025108257308602333, 0.02344611845910549, 0.023053795099258423, 0.022776370868086815, 0.022424062713980675, 0.022471025586128235, 0.02242235280573368, 0.02182730846107006, 0.021724535152316093, 0.021376188844442368, 0.02159774675965309, 0.021224133670330048, 0.021072465926408768], "mse": [0.3737281858921051, 0.14546014368534088, 0.11434867978096008, 0.09604646265506744, 0.0836409479379654, 0.07642737030982971, 0.06128861755132675, 0.05202952027320862, 0.04836246371269226, 0.04569033905863762, 0.04220227897167206, 0.04088833928108215, 0.040609899908304214, 0.03791198879480362, 0.036379002034664154, 0.03541899472475052, 0.035525377839803696, 0.033207137137651443, 0.03268798813223839, 0.03242838382720947, 0.031932488083839417, 0.028287744149565697, 0.02732492797076702, 0.02688778191804886, 0.026235828176140785, 0.025837911292910576, 0.025587789714336395, 0.025108257308602333, 0.02344611845910549, 0.023053795099258423, 0.022776370868086815, 0.022424062713980675, 0.022471025586128235, 0.02242235280573368, 0.02182730846107006, 0.021724535152316093, 0.021376188844442368, 0.02159774675965309, 0.021224133670330048, 0.021072465926408768], "val_loss": [0.13647645711898804, 0.11756906658411026, 0.07912031561136246, 0.07308796793222427, 0.05429074540734291, 0.051390066742897034, 0.034336384385824203, 0.030019376426935196, 0.033633776009082794, 0.029227886348962784, 0.026112442836165428, 0.02713679149746895, 0.02586834691464901, 0.02358383685350418, 0.022954536601901054, 0.02072666585445404, 0.021508265286684036, 0.01966567523777485, 0.022141704335808754, 0.020679805427789688, 0.020931081846356392, 0.017339162528514862, 0.01712844893336296, 0.016343070194125175, 0.016140339896082878, 0.017123358324170113, 0.01684306561946869, 0.016141746193170547, 0.014981314539909363, 0.014913753606379032, 0.01508153136819601, 0.014799616299569607, 0.01516113430261612, 0.015218784101307392, 0.014657125808298588, 0.014763731509447098, 0.014478862285614014, 0.014678599312901497, 0.014458190649747849, 0.015036572702229023], "val_mse": [0.13647645711898804, 0.11756906658411026, 0.07912031561136246, 0.07308796793222427, 0.05429074540734291, 0.051390066742897034, 0.034336384385824203, 0.030019376426935196, 0.033633776009082794, 0.029227886348962784, 0.026112442836165428, 0.02713679149746895, 0.02586834691464901, 0.02358383685350418, 0.022954536601901054, 0.02072666585445404, 0.021508265286684036, 0.01966567523777485, 0.022141704335808754, 0.020679805427789688, 0.020931081846356392, 0.017339162528514862, 0.01712844893336296, 0.016343070194125175, 0.016140339896082878, 0.017123358324170113, 0.01684306561946869, 0.016141746193170547, 0.014981314539909363, 0.014913753606379032, 0.01508153136819601, 0.014799616299569607, 0.01516113430261612, 0.015218784101307392, 0.014657125808298588, 0.014763731509447098, 0.014478862285614014, 0.014678599312901497, 0.014458190649747849, 0.015036572702229023],